data;accuracy;predictors;feature_importances
../data/cwe_chronic_selected.csv;0.14285714285714285;repetition;0.2626734144031984
../data/cwe_chronic_selected.csv;0.14285714285714285;unfilled_pause;0.08851954342264225
../data/cwe_chronic_selected.csv;0.14285714285714285;unfilled_pause_longer;0.004878862877245969
../data/cwe_chronic_selected.csv;0.14285714285714285;error;0.04853443523882905
../data/cwe_chronic_selected.csv;0.14285714285714285;nr_lines;0.15737571055007915
../data/cwe_chronic_selected.csv;0.14285714285714285;nr_words_per_line;0.23311528450165458
../data/cwe_chronic_selected.csv;0.14285714285714285;gender;0.04580331389081361
../data/cwe_chronic_selected.csv;0.14285714285714285;age_months;0.15909943511553712
