data;accuracy;predictors;feature_importances
../data/cwe_all.csv;0.45454545454545453;repetition;0.15572834329226828
../data/cwe_all.csv;0.45454545454545453;unfilled_pause;0.10055632878881961
../data/cwe_all.csv;0.45454545454545453;unfilled_pause_longer;0.01697704299452066
../data/cwe_all.csv;0.45454545454545453;error;0.08903133712685829
../data/cwe_all.csv;0.45454545454545453;nr_lines;0.20177841910670033
../data/cwe_all.csv;0.45454545454545453;nr_words;0.20156932788822515
../data/cwe_all.csv;0.45454545454545453;gender;0.039100196997314506
../data/cwe_all.csv;0.45454545454545453;age_months;0.195259003805293
