data;accuracy;predictors;feature_importances
../data/cwe_chronic.csv;0.2857142857142857;repetition;0.28756842596558074
../data/cwe_chronic.csv;0.2857142857142857;unfilled_pause;0.08762766127522137
../data/cwe_chronic.csv;0.2857142857142857;unfilled_pause_longer;0.0014583333333333332
../data/cwe_chronic.csv;0.2857142857142857;unfilled_pause_longest;0.0007564417863421189
../data/cwe_chronic.csv;0.2857142857142857;error;0.04490743951486355
../data/cwe_chronic.csv;0.2857142857142857;nr_lines;0.17856627844353296
../data/cwe_chronic.csv;0.2857142857142857;nr_words;0.1921975325680998
../data/cwe_chronic.csv;0.2857142857142857;gender;0.052805537956437366
../data/cwe_chronic.csv;0.2857142857142857;age_months;0.1541123491565887
