data;accuracy;predictors;feature_importances
../data/cwe_chronic.csv;0.14285714285714285;repetition;0.2660472046833465
../data/cwe_chronic.csv;0.14285714285714285;unfilled_pause;0.09631401358110325
../data/cwe_chronic.csv;0.14285714285714285;unfilled_pause_longer;0.007741002212518447
../data/cwe_chronic.csv;0.14285714285714285;error;0.04130610351615737
../data/cwe_chronic.csv;0.14285714285714285;nr_lines;0.146762270114156
../data/cwe_chronic.csv;0.14285714285714285;nr_words;0.21475437621321802
../data/cwe_chronic.csv;0.14285714285714285;gender;0.0518594815284493
../data/cwe_chronic.csv;0.14285714285714285;age_months;0.17521554815105117
